instrument_id,timeframe,timestamp,open,high,low,close,volume,bid,ask,spread_fraction,session,source
XAUUSD.m,1h,2027-06-22T18:00:00Z,2650.00,2655.30,2647.88,2653.18,1000,,,0.00012,new_york,generated
XAUUSD.m,1h,2027-06-22T19:00:00Z,2653.18,2658.49,2651.06,2656.36,1000,,,0.00012,new_york,generated
XAUUSD.m,1h,2027-06-22T20:00:00Z,2656.36,2658.49,2653.18,2655.30,1000,,,0.00012,new_york,generated
XAUUSD.m,1h,2027-06-22T22:00:00Z,2655.30,2660.61,2653.18,2658.49,1000,,,0.00012,sydney,generated
XAUUSD.m,1h,2027-06-22T23:00:00Z,2658.49,2663.81,2656.36,2661.68,1000,,,0.00012,sydney,generated
XAUUSD.m,1h,2027-06-23T00:00:00Z,2661.68,2663.81,2658.48,2660.61,1000,,,0.00012,tokyo,generated
XAUUSD.m,1h,2027-06-23T01:00:00Z,2660.61,2665.94,2658.48,2663.81,1000,,,0.00012,tokyo,generated
XAUUSD.m,1h,2027-06-23T02:00:00Z,2663.81,2669.13,2661.67,2667.00,1000,,,0.00012,tokyo,generated
XAUUSD.m,1h,2027-06-23T03:00:00Z,2667.00,2669.14,2663.80,2665.94,1000,,,0.00012,tokyo,generated
XAUUSD.m,1h,2027-06-23T04:00:00Z,2665.94,2671.27,2663.80,2669.13,1000,,,0.00012,tokyo,generated
XAUUSD.m,1h,2027-06-23T05:00:00Z,2669.13,2674.47,2667.00,2672.34,1000,,,0.00012,tokyo,generated
XAUUSD.m,1h,2027-06-23T06:00:00Z,2672.34,2674.48,2669.13,2671.27,1000,,,0.00012,tokyo,generated
XAUUSD.m,1h,2027-06-23T07:00:00Z,2671.27,2676.61,2669.13,2674.47,1000,,,0.00012,tokyo,generated
XAUUSD.m,1h,2027-06-23T08:00:00Z,2674.47,2679.82,2672.33,2677.68,1000,,,0.00012,london,generated
XAUUSD.m,1h,2027-06-23T09:00:00Z,2677.68,2679.83,2674.47,2676.61,1000,,,0.00012,london,generated
XAUUSD.m,1h,2027-06-23T10:00:00Z,2676.61,2681.97,2674.47,2679.82,1000,,,0.00012,london,generated
XAUUSD.m,1h,2027-06-23T11:00:00Z,2679.82,2685.19,2677.68,2683.04,1000,,,0.00012,london,generated
XAUUSD.m,1h,2027-06-23T12:00:00Z,2683.04,2685.19,2679.82,2681.97,1000,,,0.00012,london,generated
XAUUSD.m,1h,2027-06-23T13:00:00Z,2681.97,2687.33,2679.82,2685.19,1000,,,0.00012,overlap,generated
XAUUSD.m,1h,2027-06-23T14:00:00Z,2685.19,2690.56,2683.04,2688.41,1000,,,0.00012,overlap,generated
XAUUSD.m,1h,2027-06-23T15:00:00Z,2688.41,2690.56,2685.18,2687.33,1000,,,0.00012,overlap,generated
XAUUSD.m,1h,2027-06-23T16:00:00Z,2687.33,2692.71,2685.18,2690.56,1000,,,0.00012,new_york,generated
XAUUSD.m,1h,2027-06-23T17:00:00Z,2690.56,2695.94,2688.40,2693.79,1000,,,0.00012,new_york,generated
XAUUSD.m,1h,2027-06-23T18:00:00Z,2693.79,2695.94,2690.55,2692.71,1000,,,0.00012,new_york,generated
XAUUSD.m,1h,2027-06-23T19:00:00Z,2692.71,2698.10,2690.55,2695.94,1000,,,0.00012,new_york,generated
XAUUSD.m,1h,2027-06-23T20:00:00Z,2695.94,2701.33,2693.78,2699.17,1000,,,0.00012,new_york,generated
XAUUSD.m,1h,2027-06-23T22:00:00Z,2699.17,2701.33,2695.94,2698.10,1000,,,0.00012,sydney,generated
XAUUSD.m,1h,2027-06-23T23:00:00Z,2698.10,2703.49,2695.94,2701.33,1000,,,0.00012,sydney,generated
XAUUSD.m,1h,2027-06-24T00:00:00Z,2701.33,2706.74,2699.17,2704.57,1000,,,0.00012,tokyo,generated
XAUUSD.m,1h,2027-06-24T01:00:00Z,2704.57,2706.74,2701.33,2703.49,1000,,,0.00012,tokyo,generated
XAUUSD.m,1h,2027-06-24T02:00:00Z,2703.49,2708.90,2701.33,2706.74,1000,,,0.00012,tokyo,generated
XAUUSD.m,1h,2027-06-24T03:00:00Z,2706.74,2712.15,2704.57,2709.98,1000,,,0.00012,tokyo,generated
XAUUSD.m,1h,2027-06-24T04:00:00Z,2709.98,2712.15,2706.73,2708.90,1000,,,0.00012,tokyo,generated
XAUUSD.m,1h,2027-06-24T05:00:00Z,2708.90,2714.32,2706.73,2712.15,1000,,,0.00012,tokyo,generated
XAUUSD.m,1h,2027-06-24T06:00:00Z,2712.15,2717.58,2709.98,2715.41,1000,,,0.00012,tokyo,generated
XAUUSD.m,1h,2027-06-24T07:00:00Z,2715.41,2717.58,2712.15,2714.32,1000,,,0.00012,tokyo,generated
XAUUSD.m,1h,2027-06-24T08:00:00Z,2714.32,2719.75,2712.15,2717.58,1000,,,0.00012,london,generated
XAUUSD.m,1h,2027-06-24T09:00:00Z,2717.58,2723.01,2715.40,2720.84,1000,,,0.00012,london,generated
XAUUSD.m,1h,2027-06-24T10:00:00Z,2720.84,2723.01,2717.57,2719.75,1000,,,0.00012,london,generated
XAUUSD.m,1h,2027-06-24T11:00:00Z,2719.75,2725.19,2717.57,2723.01,1000,,,0.00012,london,generated
XAUUSD.m,1h,2027-06-24T12:00:00Z,2723.01,2728.46,2720.83,2726.28,1000,,,0.00012,london,generated
XAUUSD.m,1h,2027-06-24T13:00:00Z,2726.28,2728.46,2723.01,2725.19,1000,,,0.00012,overlap,generated
XAUUSD.m,1h,2027-06-24T14:00:00Z,2725.19,2730.64,2723.01,2728.46,1000,,,0.00012,overlap,generated
XAUUSD.m,1h,2027-06-24T15:00:00Z,2728.46,2733.92,2726.28,2731.73,1000,,,0.00012,overlap,generated
XAUUSD.m,1h,2027-06-24T16:00:00Z,2731.73,2733.92,2728.46,2730.64,1000,,,0.00012,new_york,generated
XAUUSD.m,1h,2027-06-24T17:00:00Z,2730.64,2736.10,2728.46,2733.92,1000,,,0.00012,new_york,generated
XAUUSD.m,1h,2027-06-24T18:00:00Z,2733.92,2739.39,2731.73,2737.20,1000,,,0.00012,new_york,generated
XAUUSD.m,1h,2027-06-24T19:00:00Z,2737.20,2739.39,2733.92,2736.10,1000,,,0.00012,new_york,generated
XAUUSD.m,1h,2027-06-24T20:00:00Z,2736.10,2741.58,2733.91,2739.39,1000,,,0.00012,new_york,generated
XAUUSD.m,1h,2027-06-24T22:00:00Z,2739.39,2744.87,2737.20,2742.68,1000,,,0.00012,sydney,generated
XAUUSD.m,1h,2027-06-24T23:00:00Z,2742.68,2744.87,2739.38,2741.58,1000,,,0.00012,sydney,generated
XAUUSD.m,1h,2027-06-25T00:00:00Z,2741.58,2747.06,2739.38,2744.87,1000,,,0.00012,tokyo,generated
XAUUSD.m,1h,2027-06-25T01:00:00Z,2744.87,2750.36,2742.67,2748.16,1000,,,0.00012,tokyo,generated
XAUUSD.m,1h,2027-06-25T02:00:00Z,2748.16,2750.36,2744.86,2747.06,1000,,,0.00012,tokyo,generated
XAUUSD.m,1h,2027-06-25T03:00:00Z,2747.06,2752.56,2744.86,2750.36,1000,,,0.00012,tokyo,generated
XAUUSD.m,1h,2027-06-25T04:00:00Z,2750.36,2755.86,2748.16,2753.66,1000,,,0.00012,tokyo,generated
XAUUSD.m,1h,2027-06-25T05:00:00Z,2753.66,2755.86,2750.36,2752.56,1000,,,0.00012,tokyo,generated
XAUUSD.m,1h,2027-06-25T06:00:00Z,2752.56,2758.06,2750.35,2755.86,1000,,,0.00012,tokyo,generated
XAUUSD.m,1h,2027-06-25T07:00:00Z,2755.86,2761.37,2753.66,2759.17,1000,,,0.00012,tokyo,generated
XAUUSD.m,1h,2027-06-25T08:00:00Z,2759.17,2761.38,2755.86,2758.06,1000,,,0.00012,london,generated
XAUUSD.m,1h,2027-06-25T09:00:00Z,2758.06,2763.58,2755.86,2761.37,1000,,,0.00012,london,generated
XAUUSD.m,1h,2027-06-25T10:00:00Z,2761.37,2766.90,2759.16,2764.69,1000,,,0.00012,london,generated
XAUUSD.m,1h,2027-06-25T11:00:00Z,2764.69,2766.90,2761.37,2763.58,1000,,,0.00012,london,generated
XAUUSD.m,1h,2027-06-25T12:00:00Z,2763.58,2769.11,2761.37,2766.90,1000,,,0.00012,london,generated
XAUUSD.m,1h,2027-06-25T13:00:00Z,2766.90,2772.43,2764.68,2770.22,1000,,,0.00012,overlap,generated
XAUUSD.m,1h,2027-06-25T14:00:00Z,2770.22,2772.43,2766.89,2769.11,1000,,,0.00012,overlap,generated
XAUUSD.m,1h,2027-06-25T15:00:00Z,2769.11,2774.65,2766.89,2772.43,1000,,,0.00012,overlap,generated
XAUUSD.m,1h,2027-06-25T16:00:00Z,2772.43,2777.98,2770.21,2775.76,1000,,,0.00012,new_york,generated
XAUUSD.m,1h,2027-06-25T17:00:00Z,2775.76,2777.98,2772.43,2774.65,1000,,,0.00012,new_york,generated
XAUUSD.m,1h,2027-06-25T18:00:00Z,2774.65,2780.20,2772.43,2777.98,1000,,,0.00012,new_york,generated
XAUUSD.m,1h,2027-06-25T19:00:00Z,2777.98,2783.54,2775.76,2781.31,1000,,,0.00012,new_york,generated
XAUUSD.m,1h,2027-06-25T20:00:00Z,2781.31,2783.54,2777.98,2780.20,1000,,,0.00012,new_york,generated
XAUUSD.m,1h,2027-06-27T21:00:00Z,2780.20,2785.76,2777.98,2783.54,1000,,,0.00012,sydney,generated
XAUUSD.m,1h,2027-06-27T22:00:00Z,2783.54,2789.11,2781.31,2786.88,1000,,,0.00012,sydney,generated
XAUUSD.m,1h,2027-06-27T23:00:00Z,2786.88,2789.11,2783.53,2785.76,1000,,,0.00012,sydney,generated
XAUUSD.m,1h,2027-06-28T00:00:00Z,2785.76,2791.34,2783.53,2789.11,1000,,,0.00012,tokyo,generated
XAUUSD.m,1h,2027-06-28T01:00:00Z,2789.11,2794.69,2786.87,2792.45,1000,,,0.00012,tokyo,generated
XAUUSD.m,1h,2027-06-28T02:00:00Z,2792.45,2794.69,2789.10,2791.34,1000,,,0.00012,tokyo,generated
XAUUSD.m,1h,2027-06-28T03:00:00Z,2791.34,2796.92,2789.10,2794.69,1000,,,0.00012,tokyo,generated
XAUUSD.m,1h,2027-06-28T04:00:00Z,2794.69,2800.28,2792.45,2798.04,1000,,,0.00012,tokyo,generated
XAUUSD.m,1h,2027-06-28T05:00:00Z,2798.04,2800.28,2794.68,2796.92,1000,,,0.00012,tokyo,generated
XAUUSD.m,1h,2027-06-28T06:00:00Z,2796.92,2802.51,2794.68,2800.28,1000,,,0.00012,tokyo,generated
XAUUSD.m,1h,2027-06-28T07:00:00Z,2800.28,2805.88,2798.03,2803.64,1000,,,0.00012,tokyo,generated
XAUUSD.m,1h,2027-06-28T08:00:00Z,2803.64,2805.88,2800.27,2802.51,1000,,,0.00012,london,generated
XAUUSD.m,1h,2027-06-28T09:00:00Z,2802.51,2808.12,2800.27,2805.88,1000,,,0.00012,london,generated
XAUUSD.m,1h,2027-06-28T10:00:00Z,2805.88,2811.49,2803.63,2809.24,1000,,,0.00012,london,generated
XAUUSD.m,1h,2027-06-28T11:00:00Z,2809.24,2811.49,2805.87,2808.12,1000,,,0.00012,london,generated
XAUUSD.m,1h,2027-06-28T12:00:00Z,2808.12,2813.74,2805.87,2811.49,1000,,,0.00012,london,generated
XAUUSD.m,1h,2027-06-28T13:00:00Z,2811.49,2817.12,2809.24,2814.86,1000,,,0.00012,overlap,generated
XAUUSD.m,1h,2027-06-28T14:00:00Z,2814.86,2817.12,2811.49,2813.74,1000,,,0.00012,overlap,generated
XAUUSD.m,1h,2027-06-28T15:00:00Z,2813.74,2819.37,2811.49,2817.12,1000,,,0.00012,overlap,generated
XAUUSD.m,1h,2027-06-28T16:00:00Z,2817.12,2822.75,2814.86,2820.50,1000,,,0.00012,new_york,generated
XAUUSD.m,1h,2027-06-28T17:00:00Z,2820.50,2822.75,2817.11,2819.37,1000,,,0.00012,new_york,generated
XAUUSD.m,1h,2027-06-28T18:00:00Z,2819.37,2825.01,2817.11,2822.75,1000,,,0.00012,new_york,generated
XAUUSD.m,1h,2027-06-28T19:00:00Z,2822.75,2828.40,2820.49,2826.14,1000,,,0.00012,new_york,generated
XAUUSD.m,1h,2027-06-28T20:00:00Z,2826.14,2828.40,2822.75,2825.01,1000,,,0.00012,new_york,generated
XAUUSD.m,1h,2027-06-28T22:00:00Z,2825.01,2830.66,2822.75,2828.40,1000,,,0.00012,sydney,generated
XAUUSD.m,1h,2027-06-28T23:00:00Z,2828.40,2834.06,2826.13,2831.79,1000,,,0.00012,sydney,generated
XAUUSD.m,1h,2027-06-29T00:00:00Z,2831.79,2834.06,2828.39,2830.66,1000,,,0.00012,tokyo,generated
XAUUSD.m,1h,2027-06-29T01:00:00Z,2830.66,2836.32,2828.39,2834.06,1000,,,0.00012,tokyo,generated
XAUUSD.m,1h,2027-06-29T02:00:00Z,2834.06,2839.73,2831.79,2837.46,1000,,,0.00012,tokyo,generated
XAUUSD.m,1h,2027-06-29T03:00:00Z,2837.46,2839.73,2834.05,2836.32,1000,,,0.00012,tokyo,generated
XAUUSD.m,1h,2027-06-29T04:00:00Z,2836.32,2842.00,2834.05,2839.73,1000,,,0.00012,tokyo,generated
XAUUSD.m,1h,2027-06-29T05:00:00Z,2839.73,2845.41,2837.45,2843.13,1000,,,0.00012,tokyo,generated
XAUUSD.m,1h,2027-06-29T06:00:00Z,2843.13,2845.41,2839.72,2842.00,1000,,,0.00012,tokyo,generated
XAUUSD.m,1h,2027-06-29T07:00:00Z,2842.00,2847.68,2839.72,2845.41,1000,,,0.00012,tokyo,generated
XAUUSD.m,1h,2027-06-29T08:00:00Z,2845.41,2851.10,2843.13,2848.82,1000,,,0.00012,london,generated
XAUUSD.m,1h,2027-06-29T09:00:00Z,2848.82,2851.10,2845.40,2847.68,1000,,,0.00012,london,generated
XAUUSD.m,1h,2027-06-29T10:00:00Z,2847.68,2853.38,2845.40,2851.10,1000,,,0.00012,london,generated
XAUUSD.m,1h,2027-06-29T11:00:00Z,2851.10,2856.80,2848.82,2854.52,1000,,,0.00012,london,generated
XAUUSD.m,1h,2027-06-29T12:00:00Z,2854.52,2856.80,2851.09,2853.38,1000,,,0.00012,london,generated
XAUUSD.m,1h,2027-06-29T13:00:00Z,2853.38,2859.09,2851.09,2856.80,1000,,,0.00012,overlap,generated
XAUUSD.m,1h,2027-06-29T14:00:00Z,2856.80,2862.52,2854.51,2860.23,1000,,,0.00012,overlap,generated
XAUUSD.m,1h,2027-06-29T15:00:00Z,2860.23,2862.52,2856.80,2859.09,1000,,,0.00012,overlap,generated
XAUUSD.m,1h,2027-06-29T16:00:00Z,2859.09,2864.81,2856.80,2862.52,1000,,,0.00012,new_york,generated
XAUUSD.m,1h,2027-06-29T17:00:00Z,2862.52,2868.24,2860.23,2865.95,1000,,,0.00012,new_york,generated
XAUUSD.m,1h,2027-06-29T18:00:00Z,2865.95,2868.24,2862.51,2864.81,1000,,,0.00012,new_york,generated
XAUUSD.m,1h,2027-06-29T19:00:00Z,2864.81,2870.54,2862.51,2868.24,1000,,,0.00012,new_york,generated
XAUUSD.m,1h,2027-06-29T20:00:00Z,2868.24,2873.98,2865.95,2871.68,1000,,,0.00012,new_york,generated
XAUUSD.m,1h,2027-06-29T22:00:00Z,2871.68,2873.98,2868.24,2870.54,1000,,,0.00012,sydney,generated
XAUUSD.m,1h,2027-06-29T23:00:00Z,2870.54,2876.28,2868.24,2873.98,1000,,,0.00012,sydney,generated
XAUUSD.m,1h,2027-06-30T00:00:00Z,2873.98,2879.73,2871.68,2877.43,1000,,,0.00012,tokyo,generated
XAUUSD.m,1h,2027-06-30T01:00:00Z,2877.43,2879.73,2873.98,2876.28,1000,,,0.00012,tokyo,generated
XAUUSD.m,1h,2027-06-30T02:00:00Z,2876.28,2882.03,2873.98,2879.73,1000,,,0.00012,tokyo,generated
XAUUSD.m,1h,2027-06-30T03:00:00Z,2879.73,2885.49,2877.43,2883.19,1000,,,0.00012,tokyo,generated
XAUUSD.m,1h,2027-06-30T04:00:00Z,2883.19,2885.49,2879.73,2882.03,1000,,,0.00012,tokyo,generated
XAUUSD.m,1h,2027-06-30T05:00:00Z,2882.03,2887.80,2879.73,2885.49,1000,,,0.00012,tokyo,generated
XAUUSD.m,1h,2027-06-30T06:00:00Z,2885.49,2891.26,2883.18,2888.95,1000,,,0.00012,tokyo,generated
XAUUSD.m,1h,2027-06-30T07:00:00Z,2888.95,2891.26,2885.49,2887.80,1000,,,0.00012,tokyo,generated
XAUUSD.m,1h,2027-06-30T08:00:00Z,2887.80,2893.58,2885.49,2891.26,1000,,,0.00012,london,generated
XAUUSD.m,1h,2027-06-30T09:00:00Z,2891.26,2897.05,2888.95,2894.73,1000,,,0.00012,london,generated
XAUUSD.m,1h,2027-06-30T10:00:00Z,2894.73,2897.05,2891.26,2893.58,1000,,,0.00012,london,generated
XAUUSD.m,1h,2027-06-30T11:00:00Z,2893.58,2899.36,2891.26,2897.05,1000,,,0.00012,london,generated
XAUUSD.m,1h,2027-06-30T12:00:00Z,2897.05,2902.84,2894.73,2900.52,1000,,,0.00012,london,generated
XAUUSD.m,1h,2027-06-30T13:00:00Z,2900.52,2902.84,2897.04,2899.36,1000,,,0.00012,overlap,generated
XAUUSD.m,1h,2027-06-30T14:00:00Z,2899.36,2905.16,2897.04,2902.84,1000,,,0.00012,overlap,generated
XAUUSD.m,1h,2027-06-30T15:00:00Z,2902.84,2908.65,2900.52,2906.33,1000,,,0.00012,overlap,generated
XAUUSD.m,1h,2027-06-30T16:00:00Z,2906.33,2908.65,2902.84,2905.16,1000,,,0.00012,new_york,generated
XAUUSD.m,1h,2027-06-30T17:00:00Z,2905.16,2910.98,2902.84,2908.65,1000,,,0.00012,new_york,generated
XAUUSD.m,1h,2027-06-30T18:00:00Z,2908.65,2914.47,2906.32,2912.14,1000,,,0.00012,new_york,generated
XAUUSD.m,1h,2027-06-30T19:00:00Z,2912.14,2914.47,2908.65,2910.98,1000,,,0.00012,new_york,generated
XAUUSD.m,1h,2027-06-30T20:00:00Z,2910.98,2916.80,2908.65,2914.47,1000,,,0.00012,new_york,generated
XAUUSD.m,1h,2027-06-30T22:00:00Z,2914.47,2920.30,2912.14,2917.97,1000,,,0.00012,sydney,generated
XAUUSD.m,1h,2027-06-30T23:00:00Z,2917.97,2920.30,2914.46,2916.80,1000,,,0.00012,sydney,generated
XAUUSD.m,1h,2027-07-01T00:00:00Z,2916.80,2922.63,2914.46,2920.30,1000,,,0.00012,tokyo,generated
XAUUSD.m,1h,2027-07-01T01:00:00Z,2920.30,2926.14,2917.96,2923.80,1000,,,0.00012,tokyo,generated
XAUUSD.m,1h,2027-07-01T02:00:00Z,2923.80,2926.14,2920.30,2922.63,1000,,,0.00012,tokyo,generated
XAUUSD.m,1h,2027-07-01T03:00:00Z,2922.63,2928.48,2920.29,2926.14,1000,,,0.00012,tokyo,generated
XAUUSD.m,1h,2027-07-01T04:00:00Z,2926.14,2931.99,2923.80,2929.65,1000,,,0.00012,tokyo,generated
XAUUSD.m,1h,2027-07-01T05:00:00Z,2929.65,2932.00,2926.14,2928.48,1000,,,0.00012,tokyo,generated
XAUUSD.m,1h,2027-07-01T06:00:00Z,2928.48,2934.34,2926.14,2931.99,1000,,,0.00012,tokyo,generated
XAUUSD.m,1h,2027-07-01T07:00:00Z,2931.99,2937.86,2929.65,2935.51,1000,,,0.00012,tokyo,generated
XAUUSD.m,1h,2027-07-01T08:00:00Z,2935.51,2937.86,2931.99,2934.34,1000,,,0.00012,london,generated
XAUUSD.m,1h,2027-07-01T09:00:00Z,2934.34,2940.21,2931.99,2937.86,1000,,,0.00012,london,generated
XAUUSD.m,1h,2027-07-01T10:00:00Z,2937.86,2943.74,2935.51,2941.39,1000,,,0.00012,london,generated
XAUUSD.m,1h,2027-07-01T11:00:00Z,2941.39,2943.74,2937.86,2940.21,1000,,,0.00012,london,generated
XAUUSD.m,1h,2027-07-01T12:00:00Z,2940.21,2946.09,2937.86,2943.74,1000,,,0.00012,london,generated
XAUUSD.m,1h,2027-07-01T13:00:00Z,2943.74,2949.63,2941.38,2947.27,1000,,,0.00012,overlap,generated
XAUUSD.m,1h,2027-07-01T14:00:00Z,2947.27,2949.63,2943.73,2946.09,1000,,,0.00012,overlap,generated
XAUUSD.m,1h,2027-07-01T15:00:00Z,2946.09,2951.98,2943.73,2949.63,1000,,,0.00012,overlap,generated
XAUUSD.m,1h,2027-07-01T16:00:00Z,2949.63,2955.53,2947.26,2953.17,1000,,,0.00012,new_york,generated
XAUUSD.m,1h,2027-07-01T17:00:00Z,2953.17,2955.53,2949.62,2951.98,1000,,,0.00012,new_york,generated
XAUUSD.m,1h,2027-07-01T18:00:00Z,2951.98,2957.89,2949.62,2955.53,1000,,,0.00012,new_york,generated
XAUUSD.m,1h,2027-07-01T19:00:00Z,2955.53,2961.44,2953.16,2959.07,1000,,,0.00012,new_york,generated
XAUUSD.m,1h,2027-07-01T20:00:00Z,2959.07,2961.44,2955.52,2957.89,1000,,,0.00012,new_york,generated
XAUUSD.m,1h,2027-07-01T22:00:00Z,2957.89,2963.81,2955.52,2961.44,1000,,,0.00012,sydney,generated
XAUUSD.m,1h,2027-07-01T23:00:00Z,2961.44,2967.36,2959.07,2964.99,1000,,,0.00012,sydney,generated
XAUUSD.m,1h,2027-07-02T00:00:00Z,2964.99,2967.36,2961.44,2963.81,1000,,,0.00012,tokyo,generated
XAUUSD.m,1h,2027-07-02T01:00:00Z,2963.81,2969.74,2961.43,2967.36,1000,,,0.00012,tokyo,generated
XAUUSD.m,1h,2027-07-02T02:00:00Z,2967.36,2973.30,2964.99,2970.92,1000,,,0.00012,tokyo,generated
XAUUSD.m,1h,2027-07-02T03:00:00Z,2970.92,2973.30,2967.36,2969.74,1000,,,0.00012,tokyo,generated
XAUUSD.m,1h,2027-07-02T04:00:00Z,2969.74,2975.68,2967.36,2973.30,1000,,,0.00012,tokyo,generated
XAUUSD.m,1h,2027-07-02T05:00:00Z,2973.30,2979.25,2970.92,2976.87,1000,,,0.00012,tokyo,generated
XAUUSD.m,1h,2027-07-02T06:00:00Z,2976.87,2979.25,2973.30,2975.68,1000,,,0.00012,tokyo,generated
XAUUSD.m,1h,2027-07-02T07:00:00Z,2975.68,2981.63,2973.29,2979.25,1000,,,0.00012,tokyo,generated
XAUUSD.m,1h,2027-07-02T08:00:00Z,2979.25,2985.21,2976.86,2982.82,1000,,,0.00012,london,generated
XAUUSD.m,1h,2027-07-02T09:00:00Z,2982.82,2985.21,2979.24,2981.63,1000,,,0.00012,london,generated
XAUUSD.m,1h,2027-07-02T10:00:00Z,2981.63,2987.59,2979.24,2985.21,1000,,,0.00012,london,generated
XAUUSD.m,1h,2027-07-02T11:00:00Z,2985.21,2991.18,2982.82,2988.79,1000,,,0.00012,london,generated
XAUUSD.m,1h,2027-07-02T12:00:00Z,2988.79,2991.18,2985.20,2987.59,1000,,,0.00012,london,generated
